text,type,cx,cy,x1,y1,x2,y2,width,height
DH SPLY MAIN LINE WTR,OTHER,333.4,114.5,167.0,99.1,499.8,129.8,332.8,30.7
DESC: No Description,OTHER,952.9,114.5,817.0,99.1,1088.8,129.8,271.8,30.7
DH RTN WTR Gcal/H,OTHER,570.8,131.5,438.0,116.1,703.6,146.8,265.6,30.7
ACCU PP SUCTN PRESS,OTHER,4653.6,131.5,4491.0,116.1,4816.1,146.8,325.1,30.7
ACCU PP DISCH PRESS,OTHER,5015.0,131.5,4857.0,116.1,5173.0,146.8,316.0,30.7
TEMP,OTHER,339.2,150.5,301.0,135.1,377.3,165.8,76.3,30.7
Defined (D03-526-04),OTHER,953.9,150.5,821.0,135.1,1086.9,165.8,265.9,30.7
TIT2641,SIGNAL,339.5,220.3,293.0,206.4,386.0,234.3,93.0,27.9
D03-524-01,REF_SIGNAL,577.0,220.3,511.0,206.4,643.0,234.3,132.0,27.9
D03-526-04,REF_SIGNAL,955.0,220.3,889.0,206.4,1021.0,234.3,132.0,27.9
PIT2621,SIGNAL,4659.2,220.3,4612.0,206.4,4706.4,234.3,94.4,27.9
PIT2626,SIGNAL,5017.2,220.3,4970.0,206.4,5064.4,234.3,94.4,27.9
A,PORT,320.4,258.2,310.0,240.7,330.8,275.6,20.8,34.9
G,PORT,360.1,258.2,348.0,240.7,372.3,275.6,24.3,34.9
G,PORT,600.1,258.2,588.0,240.7,612.3,275.6,24.3,34.9
G,PORT,980.1,258.2,968.0,240.7,992.3,275.6,24.3,34.9
A,PORT,4640.4,258.2,4630.0,240.7,4650.8,275.6,20.8,34.9
G,PORT,4680.1,258.2,4668.0,240.7,4692.3,275.6,24.3,34.9
A,PORT,5000.4,258.2,4990.0,240.7,5010.8,275.6,20.8,34.9
G,PORT,5040.1,258.2,5028.0,240.7,5052.3,275.6,24.3,34.9
-,OTHER,364.6,382.5,360.0,367.1,369.2,397.8,9.2,30.7
3/524,SHEET_REF,634.4,382.5,600.0,367.1,668.8,397.8,68.8,30.7
3/526,SHEET_REF,1014.4,382.5,980.0,367.1,1048.8,397.8,68.8,30.7
-,OTHER,4684.6,382.5,4680.0,367.1,4689.2,397.8,9.2,30.7
-,OTHER,5044.6,382.5,5040.0,367.1,5049.2,397.8,9.2,30.7
A,PORT,2979.7,425.6,2963.0,397.8,2996.3,453.5,33.3,55.8
OUT,PORT,3039.8,430.8,3024.0,422.4,3055.6,439.2,31.6,16.7
"Algorithm point			OCB0088009

Analog Value of Output			0",OTHER,2985.0,435.0,2976.0,426.0,2994.0,444.0,18.0,18.0
OCB0088009,OCB_BLOCK,3105.7,470.3,3030.0,456.4,3181.4,484.3,151.4,27.9
NUM,PORT,330.8,486.9,322.4,469.8,339.2,504.0,16.7,34.2
DEN,PORT,370.8,488.2,362.4,472.3,379.2,504.0,16.7,31.7
IN1,SIGNAL,4650.8,532.3,4642.4,520.7,4659.2,544.0,16.7,23.3
IN2,SIGNAL,4690.8,532.3,4682.4,520.7,4699.2,544.0,16.7,23.3
DESC: No,OTHER,2272.4,543.5,2209.0,528.1,2335.7,558.8,126.7,30.7
"Algorithm point			OCB0088007

Gain on Numerator				1
Bias on Numerator				0
Gain on Denominator				1
Bias on Denominator				0
Track ramp rate(units per sec)		2.5
Output Top of Scale			100
Output Bottom of Scale			0",OTHER,364.5,544.5,355.5,535.5,373.5,553.5,18.0,18.0
D03-068-02,REF_SIGNAL,2719.0,568.3,2653.0,554.4,2785.0,582.3,132.0,27.9
IN1,SIGNAL,2915.7,570.8,2904.0,562.4,2927.3,579.2,23.3,16.7
Description Defined,OTHER,2328.9,579.5,2209.0,564.1,2448.9,594.8,239.9,30.7
"Algorithm point			OCB0088016

Input 1 Gain				-1
Input 1 Bias					0
Input 2 Gain					1
Input 2 Bias					0
Input 3 Gain					1
Input 3 Bias					0
Input 4 Gain					1
Input 4 Bias					0
Output Top of Scale			100
Output Bottom of Scale			0
Track Ramp Rate(Units/Sec)		2.5",OTHER,4684.5,584.5,4675.5,575.5,4693.5,593.5,18.0,18.0
OUT,PORT,350.8,604.2,342.4,588.4,359.2,620.0,16.7,31.6
OCB0088007,OCB_BLOCK,445.7,604.3,370.0,590.4,521.4,618.3,151.4,27.9
OUT,PORT,3039.8,610.8,3024.0,602.4,3055.6,619.2,31.6,16.7
3/068,SHEET_REF,2644.4,612.5,2610.0,597.1,2678.8,627.8,68.8,30.7
OR,BLOCK_TYPE,2979.7,614.3,2961.0,600.4,2998.5,628.3,37.5,27.9
OR:030,OTHER,2984.0,614.5,2975.0,605.5,2993.0,623.5,18.0,18.0
(D03-068-02),OTHER,2290.8,615.5,2209.0,600.1,2372.5,630.8,163.5,30.7
OCB0088016,OCB_BLOCK,4765.7,643.3,4690.0,629.4,4841.4,657.3,151.4,27.9
OUT,PORT,4670.8,644.2,4662.4,628.4,4679.2,660.0,16.7,31.6
IN2,SIGNAL,2913.7,650.8,2902.0,642.4,2925.3,659.2,23.3,16.7
DESC: No,OTHER,2272.4,663.5,2209.0,648.1,2335.7,678.8,126.7,30.7
D03-066-02,REF_SIGNAL,2719.0,688.3,2653.0,674.4,2785.0,702.3,132.0,27.9
Description Defined,OTHER,2328.9,699.5,2209.0,684.1,2448.9,714.8,239.9,30.7
IN1,SIGNAL,4670.8,712.3,4662.4,700.7,4679.2,724.0,16.7,23.3
3/066,SHEET_REF,2644.4,732.5,2610.0,717.1,2678.8,747.8,68.8,30.7
(D03-066-02),OTHER,2290.8,735.5,2209.0,720.1,2372.5,750.8,163.5,30.7
ABS,BLOCK_TYPE,4679.0,764.3,4654.0,750.4,4703.9,778.3,49.9,27.9
ABSVALUE:03D,OTHER,4684.5,764.5,4675.5,755.5,4693.5,773.5,18.0,18.0
FLAG,PORT,3281.5,789.2,3261.8,769.4,3301.3,808.9,39.5,39.5
NO,PORT,3330.8,792.8,3322.4,781.5,3339.2,804.0,16.7,22.5
OUT,PORT,4670.8,824.2,4662.4,808.4,4679.2,840.0,16.7,31.6
YES,PORT,3269.0,850.8,3254.0,842.4,3284.0,859.2,30.0,16.7
T,BLOCK_TYPE,3340.4,854.0,3329.0,833.1,3351.9,874.9,22.9,41.8
"Algorithm point			OCB008802C

Enable Transfer Slew Rate		OFF
No->Yes Track Ramp Rate (per sec)	2.5
Yes->No Track Ramp Rate (per sec)	2.5
Output Tracking Option			ON
Input YES Gain				1
Input YES Bias				0
Input NO Gain				1
Input NO Bias				0
Output Top of Scale			100
Output Bottom of Scale			0",OTHER,3345.0,855.0,3336.0,846.0,3354.0,864.0,18.0,18.0
OCB008802C,OCB_BLOCK,3427.8,918.3,3350.0,904.4,3505.6,932.3,155.6,27.9
OUT,PORT,3330.8,924.2,3322.4,908.4,3339.2,940.0,16.7,31.6
A,PORT,4259.6,945.6,4243.0,917.8,4276.3,973.5,33.3,55.8
OUT,PORT,4319.8,950.8,4304.0,942.4,4335.6,959.2,31.6,16.7
"Algorithm point			OCB0088014

Analog Value of Output			0",OTHER,4265.0,955.0,4256.0,946.0,4274.0,964.0,18.0,18.0
I,OTHER,4842.2,972.0,4837.0,951.1,4847.4,992.9,10.4,41.8
A,PORT,4919.5,972.0,4907.0,951.1,4932.0,992.9,25.0,41.8
OCB0088014,OCB_BLOCK,4385.7,990.3,4310.0,976.4,4461.4,1004.3,151.4,27.9
"Algorithm point			ALG-0113015

Narrow Band Percent Change			4
Seconds for Full Scale			25
Card Type					SOFT
PCI  Card Number				1
Card Hardware Address			0
Maximum value of the output pt		1200
Minimum value of the output pt		0",OTHER,4885.0,993.5,4876.0,984.5,4894.0,1002.5,18.0,18.0
OUT,PORT,4910.8,1044.2,4902.4,1028.4,4919.2,1060.0,16.7,31.6
DESC: No,OTHER,212.4,1063.5,149.0,1048.1,275.7,1078.8,126.7,30.7
DESC: No,OTHER,1252.4,1063.5,1189.0,1048.1,1315.7,1078.8,126.7,30.7
DESC: No,OTHER,2272.4,1063.5,2209.0,1048.1,2335.7,1078.8,126.7,30.7
DESC: No,OTHER,3632.4,1063.5,3569.0,1048.1,3695.7,1078.8,126.7,30.7
ALG-0113015,ALG_BLOCK,4831.8,1075.3,4754.0,1061.4,4909.6,1089.3,155.6,27.9
D03-062-01,REF_SIGNAL,659.0,1088.3,593.0,1074.4,725.0,1102.3,132.0,27.9
D03-062-02,REF_SIGNAL,1699.0,1088.3,1633.0,1074.4,1765.0,1102.3,132.0,27.9
D03-062-03,REF_SIGNAL,2719.0,1088.3,2653.0,1074.4,2785.0,1102.3,132.0,27.9
D03-066-01,REF_SIGNAL,4079.0,1088.3,4013.0,1074.4,4145.0,1102.3,132.0,27.9
IN1,SIGNAL,4315.7,1090.8,4304.0,1082.4,4327.3,1099.2,23.3,16.7
Description Defined,OTHER,268.9,1099.5,149.0,1084.1,388.9,1114.8,239.9,30.7
Description Defined,OTHER,1308.9,1099.5,1189.0,1084.1,1428.9,1114.8,239.9,30.7
Description Defined,OTHER,2328.9,1099.5,2209.0,1084.1,2448.9,1114.8,239.9,30.7
Description Defined,OTHER,3688.9,1099.5,3569.0,1084.1,3808.9,1114.8,239.9,30.7
IN3,SIGNAL,4313.7,1130.8,4302.0,1122.4,4325.3,1139.2,23.3,16.7
OUT,PORT,4439.8,1130.8,4424.0,1122.4,4455.6,1139.2,31.6,16.7
3/062,SHEET_REF,584.4,1132.5,550.0,1117.1,618.8,1147.8,68.8,30.7
3/062,SHEET_REF,1624.4,1132.5,1590.0,1117.1,1658.8,1147.8,68.8,30.7
3/062,SHEET_REF,2644.4,1132.5,2610.0,1117.1,2678.8,1147.8,68.8,30.7
3/066,SHEET_REF,4004.4,1132.5,3970.0,1117.1,4038.8,1147.8,68.8,30.7
OR,BLOCK_TYPE,4379.7,1134.3,4361.0,1120.4,4398.5,1148.3,37.5,27.9
OR:04F,OTHER,4384.0,1134.5,4375.0,1125.5,4393.0,1143.5,18.0,18.0
(D03-062-01),OTHER,230.8,1135.5,149.0,1120.1,312.5,1150.8,163.5,30.7
(D03-062-02),OTHER,1270.8,1135.5,1189.0,1120.1,1352.5,1150.8,163.5,30.7
(D03-062-03),OTHER,2290.8,1135.5,2209.0,1120.1,2372.5,1150.8,163.5,30.7
(D03-066-01),OTHER,3650.8,1135.5,3569.0,1120.1,3732.5,1150.8,163.5,30.7
FLAG,PORT,4621.5,1149.2,4601.8,1129.4,4641.3,1168.9,39.5,39.5
NO,PORT,4670.8,1152.8,4662.4,1141.5,4679.2,1164.0,16.7,22.5
DESC: No,OTHER,3632.4,1163.5,3569.0,1148.1,3695.7,1178.8,126.7,30.7
IN2,SIGNAL,4313.7,1170.8,4302.0,1162.4,4325.3,1179.2,23.3,16.7
D03-511-12,REF_SIGNAL,4079.0,1188.3,4013.0,1174.4,4145.0,1202.3,132.0,27.9
YES,PORT,950.8,1189.0,942.4,1174.0,959.2,1204.0,16.7,30.0
YES,PORT,1970.8,1189.0,1962.4,1174.0,1979.2,1204.0,16.7,30.0
FLAG,PORT,901.5,1189.2,881.8,1169.4,921.3,1208.9,39.5,39.5
FLAG,PORT,1921.5,1189.2,1901.8,1169.4,1941.3,1208.9,39.5,39.5
FLAG,PORT,3281.5,1189.2,3261.8,1169.4,3301.3,1208.9,39.5,39.5
NO,PORT,3330.8,1192.8,3322.4,1181.5,3339.2,1204.0,16.7,22.5
Description Defined,OTHER,3688.9,1199.5,3569.0,1184.1,3808.9,1214.8,239.9,30.7
YES,PORT,4609.0,1210.8,4594.0,1202.4,4624.0,1219.2,30.0,16.7
T,BLOCK_TYPE,4680.4,1214.0,4669.0,1193.1,4691.9,1234.9,22.9,41.8
"Algorithm point			OCB0088043

Enable Transfer Slew Rate		OFF
No->Yes Track Ramp Rate (per sec)	2.5
Yes->No Track Ramp Rate (per sec)	2.5
Output Tracking Option			ON
Input YES Gain				1
Input YES Bias				0
Input NO Gain				1
Input NO Bias				0
Output Top of Scale			1200
Output Bottom of Scale			0",OTHER,4685.0,1215.0,4676.0,1206.0,4694.0,1224.0,18.0,18.0
IN1,SIGNAL,5010.8,1232.3,5002.4,1220.7,5019.2,1244.0,16.7,23.3
3/511,SHEET_REF,4004.4,1232.5,3970.0,1217.1,4038.8,1247.8,68.8,30.7
(D03-511-12),OTHER,3650.8,1235.5,3569.0,1220.1,3732.5,1250.8,163.5,30.7
A,PORT,499.6,1245.7,483.0,1217.8,516.3,1273.6,33.3,55.8
A,PORT,1539.7,1245.7,1523.0,1217.8,1556.3,1273.6,33.3,55.8
A,PORT,2559.7,1245.7,2543.0,1217.8,2576.3,1273.6,33.3,55.8
OUT,PORT,559.8,1250.8,544.0,1242.4,575.6,1259.2,31.6,16.7
NO,PORT,893.2,1250.8,882.0,1242.4,904.5,1259.2,22.5,16.7
OUT,PORT,1599.8,1250.8,1584.0,1242.4,1615.6,1259.2,31.6,16.7
NO,PORT,1913.2,1250.8,1902.0,1242.4,1924.5,1259.2,22.5,16.7
OUT,PORT,2619.8,1250.8,2604.0,1242.4,2635.6,1259.2,31.6,16.7
YES,PORT,3269.0,1250.8,3254.0,1242.4,3284.0,1259.2,30.0,16.7
T,BLOCK_TYPE,960.4,1254.0,949.0,1233.1,971.9,1274.9,22.9,41.8
T,BLOCK_TYPE,1980.4,1254.0,1969.0,1233.1,1991.9,1274.9,22.9,41.8
T,BLOCK_TYPE,3340.4,1254.0,3329.0,1233.1,3351.9,1274.9,22.9,41.8
"Algorithm point			OCB008800D

Analog Value of Output			0",OTHER,505.0,1255.0,496.0,1246.0,514.0,1264.0,18.0,18.0
"Algorithm point			OCB0088008

Enable Transfer Slew Rate		OFF
No->Yes Track Ramp Rate (per sec)	2.5
Yes->No Track Ramp Rate (per sec)	2.5
Output Tracking Option			ON
Input YES Gain				12
Input YES Bias				0
Input NO Gain				1
Input NO Bias				0
Output Top of Scale			1200
Output Bottom of Scale			0",OTHER,965.0,1255.0,956.0,1246.0,974.0,1264.0,18.0,18.0
"Algorithm point			OCB008801C

Analog Value of Output			0",OTHER,1545.0,1255.0,1536.0,1246.0,1554.0,1264.0,18.0,18.0
"Algorithm point			OCB008801A

Enable Transfer Slew Rate		OFF
No->Yes Track Ramp Rate (per sec)	2.5
Yes->No Track Ramp Rate (per sec)	2.5
Output Tracking Option			ON
Input YES Gain				12
Input YES Bias				0
Input NO Gain				1
Input NO Bias				0
Output Top of Scale			1200
Output Bottom of Scale			0",OTHER,1985.0,1255.0,1976.0,1246.0,1994.0,1264.0,18.0,18.0
"Algorithm point			OCB008802A

Analog Value of Output			0",OTHER,2565.0,1255.0,2556.0,1246.0,2574.0,1264.0,18.0,18.0
"Algorithm point			OCB0088005

Enable Transfer Slew Rate		OFF
No->Yes Track Ramp Rate (per sec)	2.5
Yes->No Track Ramp Rate (per sec)	2.5
Output Tracking Option			ON
Input YES Gain				1
Input YES Bias				0
Input NO Gain				12
Input NO Bias				0
Output Top of Scale			1200
Output Bottom of Scale			0",OTHER,3345.0,1255.0,3336.0,1246.0,3354.0,1264.0,18.0,18.0
HISP=14.8,OTHER,5160.7,1271.3,5100.0,1257.4,5221.5,1285.3,121.5,27.9
H,BLOCK_TYPE,4997.0,1274.3,4988.0,1260.4,5006.0,1288.3,18.0,27.9
"Algorithm point			OCB008804E

High Setpoint				14.8
High Setpoint Deadband			0",OTHER,5024.5,1274.5,5015.5,1265.5,5033.5,1283.5,18.0,18.0
OCB0088043,OCB_BLOCK,4765.7,1278.3,4690.0,1264.4,4841.4,1292.3,151.4,27.9
OUT,PORT,4670.8,1284.2,4662.4,1268.4,4679.2,1300.0,16.7,31.6
OCB008800D,OCB_BLOCK,627.8,1290.3,550.0,1276.4,705.6,1304.3,155.6,27.9
OCB008801C,OCB_BLOCK,1667.8,1290.3,1590.0,1276.4,1745.6,1304.3,155.6,27.9
OCB008802A,OCB_BLOCK,2687.1,1290.3,2610.0,1276.4,2764.2,1304.3,154.2,27.9
DESC: No,OTHER,3632.4,1303.5,3569.0,1288.1,3695.7,1318.8,126.7,30.7
OCB0088005,OCB_BLOCK,3425.7,1318.3,3350.0,1304.4,3501.4,1332.3,151.4,27.9
OCB0088008,OCB_BLOCK,1045.7,1320.3,970.0,1306.4,1121.4,1334.3,151.4,27.9
OCB008801A,OCB_BLOCK,2067.1,1320.3,1990.0,1306.4,2144.2,1334.3,154.2,27.9
OUT,PORT,950.8,1324.2,942.4,1308.4,959.2,1340.0,16.7,31.6
OUT,PORT,1970.8,1324.2,1962.4,1308.4,1979.2,1340.0,16.7,31.6
OUT,PORT,3330.8,1324.2,3322.4,1308.4,3339.2,1340.0,16.7,31.6
OUT,PORT,5010.8,1324.2,5002.4,1308.4,5019.2,1340.0,16.7,31.6
OCB008804E,OCB_BLOCK,5107.1,1325.3,5030.0,1311.4,5184.2,1339.3,154.2,27.9
D03-064-01,REF_SIGNAL,4079.0,1328.3,4013.0,1314.4,4145.0,1342.3,132.0,27.9
IN1,SIGNAL,4415.7,1330.8,4404.0,1322.4,4427.3,1339.2,23.3,16.7
Description Defined,OTHER,3688.9,1339.5,3569.0,1324.1,3808.9,1354.8,239.9,30.7
OUT,PORT,4539.8,1370.8,4524.0,1362.4,4555.6,1379.2,31.6,16.7
3/064,SHEET_REF,4004.4,1372.5,3970.0,1357.1,4038.8,1387.8,68.8,30.7
OR,BLOCK_TYPE,4479.7,1374.3,4461.0,1360.4,4498.5,1388.3,37.5,27.9
OR:051,OTHER,4484.0,1374.5,4475.0,1365.5,4493.0,1383.5,18.0,18.0
(D03-064-01),OTHER,3650.8,1375.5,3569.0,1360.1,3732.5,1390.8,163.5,30.7
A,PORT,446.4,1393.2,436.0,1375.7,456.8,1410.6,20.8,34.9
DH CIRC' PP,OTHER,231.0,1401.5,149.0,1386.1,313.0,1416.8,164.0,30.7
DESC: No,OTHER,3632.4,1403.5,3569.0,1388.1,3695.7,1418.8,126.7,30.7
D03-522-02,REF_SIGNAL,659.0,1408.3,593.0,1394.4,725.0,1422.3,132.0,27.9
IN2,SIGNAL,4413.7,1410.8,4402.0,1402.4,4425.3,1419.2,23.3,16.7
G,PORT,444.1,1435.2,432.0,1417.7,456.3,1452.6,24.3,34.9
DISCH PR H,OTHER,228.4,1437.5,149.0,1422.1,307.8,1452.8,158.8,30.7
Description Defined,OTHER,3688.9,1439.5,3569.0,1424.1,3808.9,1454.8,239.9,30.7
FLAG,PORT,4621.5,1449.2,4601.8,1429.4,4641.3,1468.9,39.5,39.5
3/522,SHEET_REF,584.4,1452.5,550.0,1437.1,618.8,1467.8,68.8,30.7
NO,PORT,4670.8,1452.8,4662.4,1441.5,4679.2,1464.0,16.7,22.5
D03-068-01,REF_SIGNAL,4079.0,1468.3,4013.0,1454.4,4145.0,1482.3,132.0,27.9
FLAG,PORT,901.5,1469.2,881.8,1449.4,921.3,1488.9,39.5,39.5
FLAG,PORT,1921.5,1469.2,1901.8,1449.4,1941.3,1488.9,39.5,39.5
FLAG,PORT,3281.5,1469.2,3261.8,1449.4,3301.3,1488.9,39.5,39.5
3/068,SHEET_REF,4004.4,1472.5,3970.0,1457.1,4038.8,1487.8,68.8,30.7
NO,PORT,950.8,1472.8,942.4,1461.5,959.2,1484.0,16.7,22.5
NO,PORT,1970.8,1472.8,1962.4,1461.5,1979.2,1484.0,16.7,22.5
NO,PORT,3330.8,1472.8,3322.4,1461.5,3339.2,1484.0,16.7,22.5
(D03-068-01),OTHER,3650.8,1475.5,3569.0,1460.1,3732.5,1490.8,163.5,30.7
YES,PORT,4609.0,1510.8,4594.0,1502.4,4624.0,1519.2,30.0,16.7
T,BLOCK_TYPE,4680.4,1514.0,4669.0,1493.1,4691.9,1534.9,22.9,41.8
DH CIRC PP A HYD COUPL,OTHER,574.3,1514.5,398.0,1499.1,750.6,1529.8,352.6,30.7
DH CIRC PP B HYD COUPL,OTHER,1672.3,1514.5,1496.0,1499.1,1848.6,1529.8,352.6,30.7
DH CIRC PP C HYD COUPL,OTHER,2972.1,1514.5,2795.0,1499.1,3149.2,1529.8,354.2,30.7
"Algorithm point			OCB0088055

Enable Transfer Slew Rate		OFF
No->Yes Track Ramp Rate (per sec)	2.5
Yes->No Track Ramp Rate (per sec)	2.5
Output Tracking Option			ON
Input YES Gain				12
Input YES Bias				0
Input NO Gain				1
Input NO Bias				0
Output Top of Scale			1200
Output Bottom of Scale			0",OTHER,4685.0,1515.0,4676.0,1506.0,4694.0,1524.0,18.0,18.0
YES,PORT,889.0,1530.8,874.0,1522.4,904.0,1539.2,30.0,16.7
YES,PORT,1909.0,1530.8,1894.0,1522.4,1924.0,1539.2,30.0,16.7
YES,PORT,3269.0,1530.8,3254.0,1522.4,3284.0,1539.2,30.0,16.7
T,BLOCK_TYPE,960.4,1534.0,949.0,1513.1,971.9,1554.9,22.9,41.8
T,BLOCK_TYPE,1980.4,1534.0,1969.0,1513.1,1991.9,1554.9,22.9,41.8
T,BLOCK_TYPE,3340.4,1534.0,3329.0,1513.1,3351.9,1554.9,22.9,41.8
"Algorithm point			OCB0088010

Enable Transfer Slew Rate		OFF
No->Yes Track Ramp Rate (per sec)	2.5
Yes->No Track Ramp Rate (per sec)	2.5
Output Tracking Option			ON
Input YES Gain				1
Input YES Bias				0
Input NO Gain				1
Input NO Bias				0
Output Top of Scale			1200
Output Bottom of Scale			0",OTHER,965.0,1535.0,956.0,1526.0,974.0,1544.0,18.0,18.0
"Algorithm point			OCB008801D

Enable Transfer Slew Rate		OFF
No->Yes Track Ramp Rate (per sec)	2.5
Yes->No Track Ramp Rate (per sec)	2.5
Output Tracking Option			ON
Input YES Gain				1
Input YES Bias				0
Input NO Gain				1
Input NO Bias				0
Output Top of Scale			1200
Output Bottom of Scale			0",OTHER,1985.0,1535.0,1976.0,1526.0,1994.0,1544.0,18.0,18.0
"Algorithm point			OCB0088031

Enable Transfer Slew Rate		OFF
No->Yes Track Ramp Rate (per sec)	2.5
Yes->No Track Ramp Rate (per sec)	2.5
Output Tracking Option			ON
Input YES Gain				1
Input YES Bias				0
Input NO Gain				1
Input NO Bias				0
Output Top of Scale			1200
Output Bottom of Scale			0",OTHER,3345.0,1535.0,3336.0,1526.0,3354.0,1544.0,18.0,18.0
SPEED P,OTHER,578.5,1550.5,519.0,1535.1,638.0,1565.8,119.0,30.7
SPEED P,OTHER,1678.5,1550.5,1619.0,1535.1,1738.0,1565.8,119.0,30.7
SPEED P,OTHER,2978.5,1550.5,2919.0,1535.1,3038.0,1565.8,119.0,30.7
DESC: No,OTHER,3632.4,1563.5,3569.0,1548.1,3695.7,1578.8,126.7,30.7
OCB0088055,OCB_BLOCK,4765.7,1578.3,4690.0,1564.4,4841.4,1592.3,151.4,27.9
OUT,PORT,4670.8,1584.2,4662.4,1568.4,4679.2,1600.0,16.7,31.6
D03-526-01,REF_SIGNAL,4079.0,1588.3,4013.0,1574.4,4145.0,1602.3,132.0,27.9
OCB0088010,OCB_BLOCK,1045.7,1598.3,970.0,1584.4,1121.4,1612.3,151.4,27.9
OCB008801D,OCB_BLOCK,2067.8,1598.3,1990.0,1584.4,2145.6,1612.3,155.6,27.9
OCB0088031,OCB_BLOCK,3425.7,1598.3,3350.0,1584.4,3501.4,1612.3,151.4,27.9
Description Defined,OTHER,3688.9,1599.5,3569.0,1584.1,3808.9,1614.8,239.9,30.7
OUT,PORT,950.8,1604.2,942.4,1588.4,959.2,1620.0,16.7,31.6
OUT,PORT,1970.8,1604.2,1962.4,1588.4,1979.2,1620.0,16.7,31.6
OUT,PORT,3330.8,1604.2,3322.4,1588.4,3339.2,1620.0,16.7,31.6
G,PORT,3864.1,1615.2,3852.0,1597.7,3876.3,1632.6,24.3,34.9
SIT2681A,SIGNAL,576.5,1620.3,521.0,1606.4,632.1,1634.3,111.1,27.9
SIT2681B,SIGNAL,1676.5,1620.3,1621.0,1606.4,1732.1,1634.3,111.1,27.9
SIT2681C,SIGNAL,2976.2,1620.3,2920.0,1606.4,3032.5,1634.3,112.5,27.9
3/526,SHEET_REF,4004.4,1632.5,3970.0,1617.1,4038.8,1647.8,68.8,30.7
DH CIRC PP D HYD COUPL,OTHER,4232.1,1634.5,4055.0,1619.1,4409.2,1649.8,354.2,30.7
(D03-526-01),OTHER,3650.8,1635.5,3569.0,1620.1,3732.5,1650.8,163.5,30.7
A,PORT,560.4,1658.2,550.0,1640.7,570.8,1675.6,20.8,34.9
G,PORT,600.1,1658.2,588.0,1640.7,612.3,1675.6,24.3,34.9
A,PORT,1660.4,1658.2,1650.0,1640.7,1670.8,1675.6,20.8,34.9
G,PORT,1700.1,1658.2,1688.0,1640.7,1712.3,1675.6,24.3,34.9
A,PORT,2960.4,1658.2,2950.0,1640.7,2970.8,1675.6,20.8,34.9
G,PORT,3000.1,1658.2,2988.0,1640.7,3012.3,1675.6,24.3,34.9
SPEED P,OTHER,4238.5,1670.5,4179.0,1655.1,4298.0,1685.8,119.0,30.7
I,OTHER,262.2,1672.0,257.0,1651.1,267.4,1692.9,10.4,41.8
A,PORT,339.5,1672.0,327.0,1651.1,352.0,1692.9,25.0,41.8
I,OTHER,2662.2,1672.0,2657.0,1651.1,2667.4,1692.9,10.4,41.8
A,PORT,2739.5,1672.0,2727.0,1651.1,2752.0,1692.9,25.0,41.8
I,OTHER,1422.2,1692.0,1417.0,1671.1,1427.4,1712.9,10.4,41.8
A,PORT,1499.5,1692.0,1487.0,1671.1,1512.0,1712.9,25.0,41.8
"Algorithm point			ALG-0113011

Narrow Band Percent Change			4
Seconds for Full Scale			25
Card Type					SOFT
PCI  Card Number				1
Card Hardware Address			0
Maximum value of the output pt		1200
Minimum value of the output pt		0",OTHER,305.0,1693.5,296.0,1684.5,314.0,1702.5,18.0,18.0
"Algorithm point			ALG-0113033

Narrow Band Percent Change			4
Seconds for Full Scale			25
Card Type					SOFT
PCI  Card Number				1
Card Hardware Address			0
Maximum value of the output pt		1200
Minimum value of the output pt		0",OTHER,2705.0,1693.5,2696.0,1684.5,2714.0,1702.5,18.0,18.0
"Algorithm point			ALG-011305D

Narrow Band Percent Change			4
Seconds for Full Scale			25
Card Type					SOFT
PCI  Card Number				1
Card Hardware Address			0
Maximum value of the output pt		1200
Minimum value of the output pt		0",OTHER,1465.0,1713.5,1456.0,1704.5,1474.0,1722.5,18.0,18.0
FLAG,PORT,4621.5,1729.2,4601.8,1709.4,4641.3,1748.9,39.5,39.5
NO,PORT,4670.8,1732.8,4662.4,1721.5,4679.2,1744.0,16.7,22.5
SIT2681D,SIGNAL,4236.2,1740.3,4180.0,1726.4,4292.5,1754.3,112.5,27.9
OUT,PORT,330.8,1744.2,322.4,1728.4,339.2,1760.0,16.7,31.6
OUT,PORT,2730.8,1744.2,2722.4,1728.4,2739.2,1760.0,16.7,31.6
OUT,PORT,1490.8,1764.2,1482.4,1748.4,1499.2,1780.0,16.7,31.6
FLAG,PORT,901.5,1769.2,881.8,1749.4,921.3,1788.9,39.5,39.5
FLAG,PORT,1921.5,1769.2,1901.8,1749.4,1941.3,1788.9,39.5,39.5
FLAG,PORT,3281.5,1769.2,3261.8,1749.4,3301.3,1788.9,39.5,39.5
NO,PORT,950.8,1772.8,942.4,1761.5,959.2,1784.0,16.7,22.5
NO,PORT,1970.8,1772.8,1962.4,1761.5,1979.2,1784.0,16.7,22.5
NO,PORT,3330.8,1772.8,3322.4,1761.5,3339.2,1784.0,16.7,22.5
ALG-0113011,ALG_BLOCK,251.8,1775.3,174.0,1761.4,329.6,1789.3,155.6,27.9
ALG-0113033,ALG_BLOCK,2651.8,1775.3,2574.0,1761.4,2729.6,1789.3,155.6,27.9
A,PORT,4220.4,1778.2,4210.0,1760.7,4230.8,1795.6,20.8,34.9
G,PORT,4260.1,1778.2,4248.0,1760.7,4272.3,1795.6,24.3,34.9
-,OTHER,604.6,1782.5,600.0,1767.1,609.2,1797.8,9.2,30.7
-,OTHER,1704.6,1782.5,1700.0,1767.1,1709.2,1797.8,9.2,30.7
-,OTHER,3004.6,1782.5,3000.0,1767.1,3009.2,1797.8,9.2,30.7
YES,PORT,4609.0,1790.8,4594.0,1782.4,4624.0,1799.2,30.0,16.7
T,BLOCK_TYPE,4680.4,1794.0,4669.0,1773.1,4691.9,1814.9,22.9,41.8
"Algorithm point			OCB0088046

Enable Transfer Slew Rate		OFF
No->Yes Track Ramp Rate (per sec)	2.5
Yes->No Track Ramp Rate (per sec)	2.5
Output Tracking Option			ON
Input YES Gain				1
Input YES Bias				0
Input NO Gain				1
Input NO Bias				0
Output Top of Scale			1200
Output Bottom of Scale			0",OTHER,4685.0,1795.0,4676.0,1786.0,4694.0,1804.0,18.0,18.0
ALG-011305D,ALG_BLOCK,1413.9,1795.3,1334.0,1781.4,1493.8,1809.3,159.8,27.9
YES,PORT,889.0,1830.8,874.0,1822.4,904.0,1839.2,30.0,16.7
YES,PORT,1909.0,1830.8,1894.0,1822.4,1924.0,1839.2,30.0,16.7
YES,PORT,3269.0,1830.8,3254.0,1822.4,3284.0,1839.2,30.0,16.7
T,BLOCK_TYPE,960.4,1834.0,949.0,1813.1,971.9,1854.9,22.9,41.8
T,BLOCK_TYPE,1980.4,1834.0,1969.0,1813.1,1991.9,1854.9,22.9,41.8
T,BLOCK_TYPE,3340.4,1834.0,3329.0,1813.1,3351.9,1854.9,22.9,41.8
"Algorithm point			OCB0088002

Enable Transfer Slew Rate		OFF
No->Yes Track Ramp Rate (per sec)	2.5
Yes->No Track Ramp Rate (per sec)	2.5
Output Tracking Option			ON
Input YES Gain				1
Input YES Bias				0
Input NO Gain				1
Input NO Bias				0
Output Top of Scale			1200
Output Bottom of Scale			0",OTHER,965.0,1835.0,956.0,1826.0,974.0,1844.0,18.0,18.0
"Algorithm point			OCB008805E

Enable Transfer Slew Rate		OFF
No->Yes Track Ramp Rate (per sec)	2.5
Yes->No Track Ramp Rate (per sec)	2.5
Output Tracking Option			ON
Input YES Gain				1
Input YES Bias				0
Input NO Gain				1
Input NO Bias				0
Output Top of Scale			1200
Output Bottom of Scale			0",OTHER,1985.0,1835.0,1976.0,1826.0,1994.0,1844.0,18.0,18.0
"Algorithm point			OCB008802F

Enable Transfer Slew Rate		OFF
No->Yes Track Ramp Rate (per sec)	2.5
Yes->No Track Ramp Rate (per sec)	2.5
Output Tracking Option			ON
Input YES Gain				1
Input YES Bias				0
Input NO Gain				1
Input NO Bias				0
Output Top of Scale			1200
Output Bottom of Scale			0",OTHER,3345.0,1835.0,3336.0,1826.0,3354.0,1844.0,18.0,18.0
OCB0088046,OCB_BLOCK,4765.7,1858.3,4690.0,1844.4,4841.4,1872.3,151.4,27.9
OUT,PORT,4670.8,1864.2,4662.4,1848.4,4679.2,1880.0,16.7,31.6
OCB0088002,OCB_BLOCK,1045.7,1898.3,970.0,1884.4,1121.4,1912.3,151.4,27.9
OCB008805E,OCB_BLOCK,2067.1,1898.3,1990.0,1884.4,2144.2,1912.3,154.2,27.9
OCB008802F,OCB_BLOCK,3426.4,1898.3,3350.0,1884.4,3502.8,1912.3,152.8,27.9
-,OTHER,4264.6,1902.5,4260.0,1887.1,4269.2,1917.8,9.2,30.7
OUT,PORT,950.8,1904.2,942.4,1888.4,959.2,1920.0,16.7,31.6
OUT,PORT,1970.8,1904.2,1962.4,1888.4,1979.2,1920.0,16.7,31.6
OUT,PORT,3330.8,1904.2,3322.4,1888.4,3339.2,1920.0,16.7,31.6
DESC: No,OTHER,1172.4,1923.5,1109.0,1908.1,1235.7,1938.8,126.7,30.7
D03-511-06,REF_SIGNAL,1619.0,1948.3,1553.0,1934.4,1685.0,1962.3,132.0,27.9
Description Defined,OTHER,1228.9,1959.5,1109.0,1944.1,1348.9,1974.8,239.9,30.7
DESC: No,OTHER,2412.4,1963.5,2349.0,1948.1,2475.7,1978.8,126.7,30.7
STPT,PORT,950.8,1984.9,942.4,1965.7,959.2,2004.0,16.7,38.3
STPT,PORT,1970.8,1984.9,1962.4,1965.7,1979.2,2004.0,16.7,38.3
STPT,PORT,3330.8,1984.9,3322.4,1965.7,3339.2,2004.0,16.7,38.3
STPT,PORT,4670.8,1984.9,4662.4,1965.7,4679.2,2004.0,16.7,38.3
D03-511-03,REF_SIGNAL,499.0,1988.3,433.0,1974.4,565.0,2002.3,132.0,27.9
D03-511-09,REF_SIGNAL,2859.0,1988.3,2793.0,1974.4,2925.0,2002.3,132.0,27.9
3/511,SHEET_REF,1544.4,1992.5,1510.0,1977.1,1578.8,2007.8,68.8,30.7
PV,OTHER,910.8,1994.0,902.4,1984.0,919.2,2004.0,16.7,20.0
PV,OTHER,1930.8,1994.0,1922.4,1984.0,1939.2,2004.0,16.7,20.0
PV,OTHER,3290.8,1994.0,3282.4,1984.0,3299.2,2004.0,16.7,20.0
PV,OTHER,4630.8,1994.0,4622.4,1984.0,4639.2,2004.0,16.7,20.0
(D03-511-06),OTHER,1190.8,1995.5,1109.0,1980.1,1272.5,2010.8,163.5,30.7
Description Defined,OTHER,2468.9,1999.5,2349.0,1984.1,2588.9,2014.8,239.9,30.7
DESC: No,OTHER,1172.4,2023.5,1109.0,2008.1,1235.7,2038.8,126.7,30.7
3/511,SHEET_REF,424.4,2032.5,390.0,2017.1,458.8,2047.8,68.8,30.7
3/511,SHEET_REF,2784.4,2032.5,2750.0,2017.1,2818.8,2047.8,68.8,30.7
(D03-511-09),OTHER,2430.8,2035.5,2349.0,2020.1,2512.5,2050.8,163.5,30.7
D03-511-04,REF_SIGNAL,1619.0,2048.3,1553.0,2034.4,1685.0,2062.3,132.0,27.9
Description Defined,OTHER,1228.9,2059.5,1109.0,2044.1,1348.9,2074.8,239.9,30.7
"Algorithm point			OCB008800E

Auto-Scaling Option			NONE
Auto-Scaling Parameters Option		INT
Type of PID controller		NORMAL
Controller Direction		INDIRECT
Cascaded Configuration		NORMAL
Type of Derivative Action		NORMAL
PID Error Deadband				0
PID Outer Error Deadband			0
Deadbands Options			SINGLE
Hard Inhibit Behavior			ENABLE
PID Error Deadband Gain			0
PID Proportional Gain			1
PID Integral Time (Sec)			10
PID Derivative Gain				0
Pid Derivative Rate			0.5
Track Ramp Rate (Units/Sec)		2.5
Process Variable Gain			1
Process Variable Bias			0
Process Variable Top of Scale	100.000000
Process Variable Bottom of Scale	0.000000
Set Point Gain				1
Set Point Bias				0
Set Point Top of Scale		100.000000
Set Point Bottom of Scale		0.000000
Output Top of Scale			100
Output Bottom of Scale			0",OTHER,944.5,2074.5,935.5,2065.5,953.5,2083.5,18.0,18.0
"Algorithm point			OCB008801E

Auto-Scaling Option			NONE
Auto-Scaling Parameters Option		INT
Type of PID controller		NORMAL
Controller Direction		INDIRECT
Cascaded Configuration		NORMAL
Type of Derivative Action		NORMAL
PID Error Deadband				0
PID Outer Error Deadband			0
Deadbands Options			SINGLE
Hard Inhibit Behavior			ENABLE
PID Error Deadband Gain			0
PID Proportional Gain			1
PID Integral Time (Sec)			10
PID Derivative Gain				0
Pid Derivative Rate			0.5
Track Ramp Rate (Units/Sec)		2.5
Process Variable Gain			1
Process Variable Bias			0
Process Variable Top of Scale	100.000000
Process Variable Bottom of Scale	0.000000
Set Point Gain				1
Set Point Bias				0
Set Point Top of Scale		100.000000
Set Point Bottom of Scale		0.000000
Output Top of Scale			100
Output Bottom of Scale			0",OTHER,1964.5,2074.5,1955.5,2065.5,1973.5,2083.5,18.0,18.0
"Algorithm point			OCB0088032

Auto-Scaling Option			NONE
Auto-Scaling Parameters Option		INT
Type of PID controller		NORMAL
Controller Direction		INDIRECT
Cascaded Configuration		NORMAL
Type of Derivative Action		NORMAL
PID Error Deadband				0
PID Outer Error Deadband			0
Deadbands Options			SINGLE
Hard Inhibit Behavior			ENABLE
PID Error Deadband Gain			0
PID Proportional Gain			0.2
PID Integral Time (Sec)			500
PID Derivative Gain			20
Pid Derivative Rate			0.5
Track Ramp Rate (Units/Sec)		2.5
Process Variable Gain		0.083333
Process Variable Bias			0
Process Variable Top of Scale	100.000000
Process Variable Bottom of Scale	0.000000
Set Point Gain			0.0833333
Set Point Bias				0
Set Point Top of Scale		100.000000
Set Point Bottom of Scale		0.000000
Output Top of Scale			100
Output Bottom of Scale			0",OTHER,3324.5,2074.5,3315.5,2065.5,3333.5,2083.5,18.0,18.0
"Algorithm point			OCB0088047

Auto-Scaling Option			NONE
Auto-Scaling Parameters Option		INT
Type of PID controller		NORMAL
Controller Direction		INDIRECT
Cascaded Configuration		NORMAL
Type of Derivative Action		NORMAL
PID Error Deadband				0
PID Outer Error Deadband			0
Deadbands Options			SINGLE
Hard Inhibit Behavior			ENABLE
PID Error Deadband Gain			0
PID Proportional Gain			0.2
PID Integral Time (Sec)			500
PID Derivative Gain			20
Pid Derivative Rate			0.5
Track Ramp Rate (Units/Sec)		2.5
Process Variable Gain		0.083333
Process Variable Bias			0
Process Variable Top of Scale	100.000000
Process Variable Bottom of Scale	0.000000
Set Point Gain			0.083333
Set Point Bias				0
Set Point Top of Scale		100.000000
Set Point Bottom of Scale		0.000000
Output Top of Scale			100
Output Bottom of Scale			0",OTHER,4664.5,2074.5,4655.5,2065.5,4673.5,2083.5,18.0,18.0
3/511,SHEET_REF,1544.4,2092.5,1510.0,2077.1,1578.8,2107.8,68.8,30.7
d,OTHER,971.6,2094.1,966.0,2082.9,977.1,2105.2,11.1,22.3
d,OTHER,1991.6,2094.1,1986.0,2082.9,1997.1,2105.2,11.1,22.3
d,OTHER,3351.6,2094.1,3346.0,2082.9,3357.1,2105.2,11.1,22.3
d,OTHER,4691.6,2094.1,4686.0,2082.9,4697.1,2105.2,11.1,22.3
(D03-511-04),OTHER,1190.8,2095.5,1109.0,2080.1,1272.5,2110.8,163.5,30.7
K,BLOCK_TYPE,906.3,2103.3,898.0,2089.4,914.7,2117.3,16.7,27.9
K,BLOCK_TYPE,1926.3,2103.3,1918.0,2089.4,1934.7,2117.3,16.7,27.9
K,BLOCK_TYPE,3286.3,2103.3,3278.0,2089.4,3294.6,2117.3,16.6,27.9
K,BLOCK_TYPE,4626.3,2103.3,4618.0,2089.4,4634.6,2117.3,16.6,27.9
dt,OTHER,973.3,2119.1,965.0,2107.9,981.7,2130.2,16.7,22.3
dt,OTHER,1993.3,2119.1,1985.0,2107.9,2001.7,2130.2,16.7,22.3
dt,OTHER,3353.3,2119.1,3345.0,2107.9,3361.7,2130.2,16.7,22.3
dt,OTHER,4693.3,2119.1,4685.0,2107.9,4701.7,2130.2,16.7,22.3
DESC: No,OTHER,1172.4,2123.5,1109.0,2108.1,1235.7,2138.8,126.7,30.7
D03-511-05,REF_SIGNAL,1619.0,2148.3,1553.0,2134.4,1685.0,2162.3,132.0,27.9
Description Defined,OTHER,1228.9,2159.5,1109.0,2144.1,1348.9,2174.8,239.9,30.7
DESC: No,OTHER,2412.4,2163.5,2349.0,2148.1,2475.7,2178.8,126.7,30.7
OUT,PORT,930.8,2164.2,922.4,2148.4,939.2,2180.0,16.7,31.6
OUT,PORT,1950.8,2164.2,1942.4,2148.4,1959.2,2180.0,16.7,31.6
OUT,PORT,3310.8,2164.2,3302.4,2148.4,3319.2,2180.0,16.7,31.6
OUT,PORT,4650.8,2164.2,4642.4,2148.4,4659.2,2180.0,16.7,31.6
OCB008800E,OCB_BLOCK,1027.1,2165.3,950.0,2151.4,1104.2,2179.3,154.2,27.9
OCB008801E,OCB_BLOCK,2047.1,2165.3,1970.0,2151.4,2124.2,2179.3,154.2,27.9
OCB0088032,OCB_BLOCK,3405.7,2165.3,3330.0,2151.4,3481.4,2179.3,151.4,27.9
OCB0088047,OCB_BLOCK,4745.7,2165.3,4670.0,2151.4,4821.4,2179.3,151.4,27.9
DESC: No,OTHER,3752.4,2183.5,3689.0,2168.1,3815.7,2198.8,126.7,30.7
D03-511-01,REF_SIGNAL,499.0,2188.3,433.0,2174.4,565.0,2202.3,132.0,27.9
D03-511-07,REF_SIGNAL,2859.0,2188.3,2793.0,2174.4,2925.0,2202.3,132.0,27.9
IN1,SIGNAL,1755.7,2190.8,1744.0,2182.4,1767.3,2199.2,23.3,16.7
OUT,PORT,1839.8,2190.8,1824.0,2182.4,1855.6,2199.2,31.6,16.7
3/511,SHEET_REF,1544.4,2192.5,1510.0,2177.1,1578.8,2207.8,68.8,30.7
N,BLOCK_TYPE,1801.3,2193.2,1790.0,2175.7,1812.6,2210.6,22.6,34.9
NOT:060,OTHER,1804.5,2194.5,1795.5,2185.5,1813.5,2203.5,18.0,18.0
(D03-511-05),OTHER,1190.8,2195.5,1109.0,2180.1,1272.5,2210.8,163.5,30.7
Description Defined,OTHER,2468.9,2199.5,2349.0,2184.1,2588.9,2214.8,239.9,30.7
D03-511-10,REF_SIGNAL,4199.0,2208.3,4133.0,2194.4,4265.0,2222.3,132.0,27.9
Description Defined,OTHER,3808.9,2219.5,3689.0,2204.1,3928.9,2234.8,239.9,30.7
IN1,SIGNAL,795.7,2230.8,784.0,2222.4,807.3,2239.2,23.3,16.7
OUT,PORT,879.8,2230.8,864.0,2222.4,895.6,2239.2,31.6,16.7
IN1,SIGNAL,1055.7,2230.8,1044.0,2222.4,1067.3,2239.2,23.3,16.7
IN1,SIGNAL,2115.7,2230.8,2104.0,2222.4,2127.3,2239.2,23.3,16.7
IN1,SIGNAL,3175.7,2230.8,3164.0,2222.4,3187.3,2239.2,23.3,16.7
OUT,PORT,3259.8,2230.8,3244.0,2222.4,3275.6,2239.2,31.6,16.7
IN1,SIGNAL,3435.7,2230.8,3424.0,2222.4,3447.3,2239.2,23.3,16.7
IN1,SIGNAL,4695.7,2230.8,4684.0,2222.4,4707.3,2239.2,23.3,16.7
OUT,PORT,4779.8,2230.8,4764.0,2222.4,4795.6,2239.2,31.6,16.7
IN1,SIGNAL,4875.7,2230.8,4864.0,2222.4,4887.3,2239.2,23.3,16.7
3/511,SHEET_REF,424.4,2232.5,390.0,2217.1,458.8,2247.8,68.8,30.7
3/511,SHEET_REF,2784.4,2232.5,2750.0,2217.1,2818.8,2247.8,68.8,30.7
N,BLOCK_TYPE,841.3,2233.2,830.0,2215.7,852.6,2250.6,22.6,34.9
N,BLOCK_TYPE,3221.3,2233.2,3210.0,2215.7,3232.6,2250.6,22.6,34.9
N,BLOCK_TYPE,4741.3,2233.2,4730.0,2215.7,4752.6,2250.6,22.6,34.9
NOT:028,OTHER,844.5,2234.5,835.5,2225.5,853.5,2243.5,18.0,18.0
NOT:041,OTHER,3224.5,2234.5,3215.5,2225.5,3233.5,2243.5,18.0,18.0
NOT:058,OTHER,4744.5,2234.5,4735.5,2225.5,4753.5,2243.5,18.0,18.0
(D03-511-07),OTHER,2430.8,2235.5,2349.0,2220.1,2512.5,2250.8,163.5,30.7
3/511,SHEET_REF,4124.4,2252.5,4090.0,2237.1,4158.8,2267.8,68.8,30.7
(D03-511-10),OTHER,3770.8,2255.5,3689.0,2240.1,3852.5,2270.8,163.5,30.7
OUT,PORT,1179.8,2270.8,1164.0,2262.4,1195.6,2279.2,31.6,16.7
IN3,SIGNAL,2113.7,2270.8,2102.0,2262.4,2125.3,2279.2,23.3,16.7
OUT,PORT,2239.8,2270.8,2224.0,2262.4,2255.6,2279.2,31.6,16.7
OUT,PORT,3559.8,2270.8,3544.0,2262.4,3575.6,2279.2,31.6,16.7
OUT,PORT,4999.8,2270.8,4984.0,2262.4,5015.6,2279.2,31.6,16.7
AND,BLOCK_TYPE,1118.4,2274.3,1092.0,2260.4,1144.8,2288.3,52.8,27.9
AND,BLOCK_TYPE,2178.4,2274.3,2152.0,2260.4,2204.8,2288.3,52.8,27.9
AND,BLOCK_TYPE,3498.4,2274.3,3472.0,2260.4,3524.8,2288.3,52.8,27.9
AND,BLOCK_TYPE,4938.4,2274.3,4912.0,2260.4,4964.7,2288.3,52.7,27.9
AND:027,OTHER,1124.0,2274.5,1115.0,2265.5,1133.0,2283.5,18.0,18.0
AND:05F,OTHER,2184.0,2274.5,2175.0,2265.5,2193.0,2283.5,18.0,18.0
AND:040,OTHER,3504.0,2274.5,3495.0,2265.5,3513.0,2283.5,18.0,18.0
AND:057,OTHER,4944.0,2274.5,4935.0,2265.5,4953.0,2283.5,18.0,18.0
DESC: No,OTHER,2412.4,2283.5,2349.0,2268.1,2475.7,2298.8,126.7,30.7
DESC: No,OTHER,3752.4,2283.5,3689.0,2268.1,3815.7,2298.8,126.7,30.7
MRE,OTHER,686.7,2290.8,670.0,2282.4,703.3,2299.2,33.3,16.7
MAN,OTHER,840.7,2290.8,824.0,2282.4,857.3,2299.2,33.3,16.7
MRE,OTHER,1706.7,2290.8,1690.0,2282.4,1723.3,2299.2,33.3,16.7
MAN,OTHER,1860.7,2290.8,1844.0,2282.4,1877.3,2299.2,33.3,16.7
MRE,OTHER,3066.7,2290.8,3050.0,2282.4,3083.3,2299.2,33.3,16.7
MAN,OTHER,3220.7,2290.8,3204.0,2282.4,3237.3,2299.2,33.3,16.7
MRE,OTHER,4426.7,2290.8,4410.0,2282.4,4443.3,2299.2,33.3,16.7
MAN,OTHER,4580.7,2290.8,4564.0,2282.4,4597.3,2299.2,33.3,16.7
D03-511-02,REF_SIGNAL,499.0,2308.3,433.0,2294.4,565.0,2322.3,132.0,27.9
D03-511-08,REF_SIGNAL,2859.0,2308.3,2793.0,2294.4,2925.0,2322.3,132.0,27.9
D03-511-11,REF_SIGNAL,4199.0,2308.3,4133.0,2294.4,4265.0,2322.3,132.0,27.9
ARE,OTHER,687.4,2310.8,672.0,2302.4,702.8,2319.2,30.8,16.7
AUTO,OTHER,844.8,2310.8,824.0,2302.4,865.6,2319.2,41.6,16.7
IN2,SIGNAL,1053.7,2310.8,1042.0,2302.4,1065.3,2319.2,23.3,16.7
ARE,OTHER,1707.4,2310.8,1692.0,2302.4,1722.8,2319.2,30.8,16.7
AUTO,OTHER,1864.8,2310.8,1844.0,2302.4,1885.6,2319.2,41.6,16.7
IN2,SIGNAL,2113.7,2310.8,2102.0,2302.4,2125.3,2319.2,23.3,16.7
ARE,OTHER,3067.4,2310.8,3052.0,2302.4,3082.8,2319.2,30.8,16.7
AUTO,OTHER,3224.8,2310.8,3204.0,2302.4,3245.6,2319.2,41.6,16.7
IN2,SIGNAL,3433.7,2310.8,3422.0,2302.4,3445.3,2319.2,23.3,16.7
ARE,OTHER,4427.4,2310.8,4412.0,2302.4,4442.8,2319.2,30.8,16.7
AUTO,OTHER,4584.8,2310.8,4564.0,2302.4,4605.6,2319.2,41.6,16.7
IN2,SIGNAL,4873.7,2310.8,4862.0,2302.4,4885.3,2319.2,23.3,16.7
M/A,OTHER,769.8,2314.1,752.0,2302.9,787.5,2325.2,35.5,22.3
M/A,OTHER,1789.8,2314.1,1772.0,2302.9,1807.5,2325.2,35.5,22.3
M/A,OTHER,3149.8,2314.1,3132.0,2302.9,3167.5,2325.2,35.5,22.3
M/A,OTHER,4509.8,2314.1,4492.0,2302.9,4527.5,2325.2,35.5,22.3
Description Defined,OTHER,2468.9,2319.5,2349.0,2304.1,2588.9,2334.8,239.9,30.7
Description Defined,OTHER,3808.9,2319.5,3689.0,2304.1,3928.9,2334.8,239.9,30.7
MAMODE:018,OTHER,774.5,2324.5,765.5,2315.5,783.5,2333.5,18.0,18.0
MAMODE:059,OTHER,1794.5,2324.5,1785.5,2315.5,1803.5,2333.5,18.0,18.0
MAMODE:03A,OTHER,3154.5,2324.5,3145.5,2315.5,3163.5,2333.5,18.0,18.0
MAMODE:048,OTHER,4514.5,2324.5,4505.5,2315.5,4523.5,2333.5,18.0,18.0
RAI,OTHER,692.5,2330.8,680.0,2322.4,705.0,2339.2,25.0,16.7
RAI,OTHER,1712.5,2330.8,1700.0,2322.4,1725.0,2339.2,25.0,16.7
RAI,OTHER,3072.5,2330.8,3060.0,2322.4,3085.0,2339.2,25.0,16.7
RAI,OTHER,4432.5,2330.8,4420.0,2322.4,4445.0,2339.2,25.0,16.7
MODE,OTHER,770.0,2339.1,740.0,2327.9,800.0,2350.2,60.0,22.3
MODE,OTHER,1790.0,2339.1,1760.0,2327.9,1820.0,2350.2,60.0,22.3
MODE,OTHER,3150.0,2339.1,3120.0,2327.9,3180.0,2350.2,60.0,22.3
MODE,OTHER,4510.0,2339.1,4480.0,2327.9,4540.0,2350.2,60.0,22.3
LWI,OTHER,692.3,2350.8,679.0,2342.4,705.6,2359.2,26.6,16.7
MODE,OTHER,846.5,2350.8,824.0,2342.4,869.0,2359.2,45.0,16.7
LWI,OTHER,1712.3,2350.8,1699.0,2342.4,1725.6,2359.2,26.6,16.7
MODE,OTHER,1866.5,2350.8,1844.0,2342.4,1889.0,2359.2,45.0,16.7
LWI,OTHER,3072.3,2350.8,3059.0,2342.4,3085.6,2359.2,26.6,16.7
MODE,OTHER,3226.5,2350.8,3204.0,2342.4,3249.0,2359.2,45.0,16.7
LWI,OTHER,4432.3,2350.8,4419.0,2342.4,4445.6,2359.2,26.6,16.7
MODE,OTHER,4586.5,2350.8,4564.0,2342.4,4609.0,2359.2,45.0,16.7
3/511,SHEET_REF,424.4,2352.5,390.0,2337.1,458.8,2367.8,68.8,30.7
3/511,SHEET_REF,2784.4,2352.5,2750.0,2337.1,2818.8,2367.8,68.8,30.7
3/511,SHEET_REF,4124.4,2352.5,4090.0,2337.1,4158.8,2367.8,68.8,30.7
(D03-511-08),OTHER,2430.8,2355.5,2349.0,2340.1,2512.5,2370.8,163.5,30.7
(D03-511-11),OTHER,3770.8,2355.5,3689.0,2340.1,3852.5,2370.8,163.5,30.7
PP252001-CAS,OTHER,1168.2,2391.3,1080.0,2377.4,1256.4,2405.3,176.4,27.9
PP252003-CAS,OTHER,3548.2,2391.3,3460.0,2377.4,3636.4,2405.3,176.4,27.9
PP252004-CAS,OTHER,4988.2,2411.3,4900.0,2397.4,5076.4,2425.3,176.4,27.9
IN1,SIGNAL,930.8,2412.3,922.4,2400.7,939.2,2424.0,16.7,23.3
IN1,SIGNAL,1950.8,2412.3,1942.4,2400.7,1959.2,2424.0,16.7,23.3
IN1,SIGNAL,3310.8,2412.3,3302.4,2400.7,3319.2,2424.0,16.7,23.3
IN1,SIGNAL,4650.8,2412.3,4642.4,2400.7,4659.2,2424.0,16.7,23.3
MODE,OTHER,987.2,2420.4,965.4,2398.6,1009.0,2442.2,43.6,43.6
MODE,OTHER,2007.2,2420.4,1985.4,2398.6,2029.0,2442.2,43.6,43.6
MODE,OTHER,3367.2,2420.4,3345.4,2398.6,3389.0,2442.2,43.6,43.6
MODE,OTHER,4707.2,2420.4,4685.4,2398.6,4729.0,2442.2,43.6,43.6
T,BLOCK_TYPE,940.4,2472.0,929.0,2451.1,951.9,2492.9,22.9,41.9
A,PORT,1019.5,2472.0,1007.0,2451.1,1032.0,2492.9,25.0,41.9
I,OTHER,1102.2,2472.0,1097.0,2451.1,1107.4,2492.9,10.4,41.9
T,BLOCK_TYPE,1960.4,2472.0,1949.0,2451.1,1971.9,2492.9,22.9,41.9
A,PORT,2039.5,2472.0,2027.0,2451.1,2052.0,2492.9,25.0,41.9
I,OTHER,2122.2,2472.0,2117.0,2451.1,2127.4,2492.9,10.4,41.9
T,BLOCK_TYPE,3320.4,2472.0,3309.0,2451.1,3331.9,2492.9,22.9,41.9
A,PORT,3399.5,2472.0,3387.0,2451.1,3412.0,2492.9,25.0,41.9
I,OTHER,3482.2,2472.0,3477.0,2451.1,3487.4,2492.9,10.4,41.9
T,BLOCK_TYPE,4660.4,2472.0,4649.0,2451.1,4671.9,2492.9,22.9,41.9
A,PORT,4739.5,2472.0,4727.0,2451.1,4752.0,2492.9,25.0,41.9
I,OTHER,4822.2,2472.0,4817.0,2451.1,4827.4,2492.9,10.4,41.9
"Algorithm point			ALG-011300C

Narrow Band Percent Change			4
Seconds for Full Scale			25
Output Maximum Limit			100
Output Minimum Limit			0
First Pass Mode			MANUAL
Interface Card Type			SOFT
Electric Drive				NO
PCI  Card Number				1
Card Hardware Address			0
Redundant RVP Card				NO
Redundant RVP Hardware Address		0
RLI Priority				YES
Priority Raise Rate			2.5
Priority Raise Target			100
Priority Lower Rate			2.5
Priority Lower Target			0
Quality reject type			BAD
Configuration type			NORMAL
Track Ramp Rate(Units/Sec)		2.5
Input Gain					1
Input Bias					0
Bias bar Top of Scale			0
Bias Bar Bottom of Scale			0
Manual Reject Time				5",OTHER,1024.5,2493.5,1015.5,2484.5,1033.5,2502.5,18.0,18.0
"Algorithm point			ALG-0113020

Narrow Band Percent Change			4
Seconds for Full Scale			25
Output Maximum Limit			100
Output Minimum Limit			0
First Pass Mode			MANUAL
Interface Card Type			SOFT
Electric Drive				NO
PCI  Card Number				1
Card Hardware Address			0
Redundant RVP Card				NO
Redundant RVP Hardware Address		0
RLI Priority				YES
Priority Raise Rate			2.5
Priority Raise Target			100
Priority Lower Rate			2.5
Priority Lower Target			0
Quality reject type			BAD
Configuration type			NORMAL
Track Ramp Rate(Units/Sec)		2.5
Input Gain					1
Input Bias					0
Bias bar Top of Scale			0
Bias Bar Bottom of Scale			0
Manual Reject Time				5",OTHER,2044.5,2493.5,2035.5,2484.5,2053.5,2502.5,18.0,18.0
"Algorithm point			ALG-0113034

Narrow Band Percent Change			4
Seconds for Full Scale			25
Output Maximum Limit			100
Output Minimum Limit			0
First Pass Mode			MANUAL
Interface Card Type			SOFT
Electric Drive				NO
PCI  Card Number				1
Card Hardware Address			0
Redundant RVP Card				NO
Redundant RVP Hardware Address		0
RLI Priority				YES
Priority Raise Rate			2.5
Priority Raise Target			100
Priority Lower Rate			2.5
Priority Lower Target			0
Quality reject type			BAD
Configuration type			NORMAL
Track Ramp Rate(Units/Sec)		2.5
Input Gain					1
Input Bias					0
Bias bar Top of Scale			0
Bias Bar Bottom of Scale			0
Manual Reject Time				5",OTHER,3404.5,2493.5,3395.5,2484.5,3413.5,2502.5,18.0,18.0
"Algorithm point			ALG-0113049

Narrow Band Percent Change			4
Seconds for Full Scale			25
Output Maximum Limit			100
Output Minimum Limit			0
First Pass Mode			MANUAL
Interface Card Type			SOFT
Electric Drive				NO
PCI  Card Number				1
Card Hardware Address			0
Redundant RVP Card				NO
Redundant RVP Hardware Address		0
RLI Priority				YES
Priority Raise Rate			2.5
Priority Raise Target			100
Priority Lower Rate			2.5
Priority Lower Target			0
Quality reject type			BAD
Configuration type			NORMAL
Track Ramp Rate(Units/Sec)		2.5
Input Gain					1
Input Bias					0
Bias bar Top of Scale			0
Bias Bar Bottom of Scale			0
Manual Reject Time				5",OTHER,4744.5,2493.5,4735.5,2484.5,4753.5,2502.5,18.0,18.0
OUT,PORT,930.8,2544.2,922.4,2528.4,939.2,2560.0,16.7,31.6
OUT,PORT,1950.8,2544.2,1942.4,2528.4,1959.2,2560.0,16.7,31.6
OUT,PORT,3310.8,2544.2,3302.4,2528.4,3319.2,2560.0,16.7,31.6
OUT,PORT,4650.8,2544.2,4642.4,2528.4,4659.2,2560.0,16.7,31.6
ALG-011300C,ALG_BLOCK,1029.9,2580.3,950.0,2566.4,1109.8,2594.3,159.8,27.9
ALG-0113020,ALG_BLOCK,2047.8,2580.3,1970.0,2566.4,2125.6,2594.3,155.6,27.9
ALG-0113034,ALG_BLOCK,3407.8,2580.3,3330.0,2566.4,3485.6,2594.3,155.6,27.9
ALG-0113049,ALG_BLOCK,4747.8,2580.3,4670.0,2566.4,4825.6,2594.3,155.6,27.9
DESC: No,OTHER,192.4,2603.5,129.0,2588.1,255.7,2618.8,126.7,30.7
DESC: No,OTHER,1252.4,2603.5,1189.0,2588.1,1315.7,2618.8,126.7,30.7
DESC: No,OTHER,2272.4,2603.5,2209.0,2588.1,2335.7,2618.8,126.7,30.7
DESC: No,OTHER,3972.4,2603.5,3909.0,2588.1,4035.7,2618.8,126.7,30.7
D03-024-01,REF_SIGNAL,639.0,2628.3,573.0,2614.4,705.0,2642.3,132.0,27.9
D03-030-01,REF_SIGNAL,1699.0,2628.3,1633.0,2614.4,1765.0,2642.3,132.0,27.9
D03-036-01,REF_SIGNAL,2719.0,2628.3,2653.0,2614.4,2785.0,2642.3,132.0,27.9
D03-042-01,REF_SIGNAL,4419.0,2628.3,4353.0,2614.4,4485.0,2642.3,132.0,27.9
Description Defined,OTHER,248.9,2639.5,129.0,2624.1,368.9,2654.8,239.9,30.7
Description Defined,OTHER,1308.9,2639.5,1189.0,2624.1,1428.9,2654.8,239.9,30.7
Description Defined,OTHER,2328.9,2639.5,2209.0,2624.1,2448.9,2654.8,239.9,30.7
Description Defined,OTHER,4028.9,2639.5,3909.0,2624.1,4148.9,2654.8,239.9,30.7
3/024,SHEET_REF,564.4,2672.5,530.0,2657.1,598.8,2687.8,68.8,30.7
3/030,SHEET_REF,1624.4,2672.5,1590.0,2657.1,1658.8,2687.8,68.8,30.7
3/036,SHEET_REF,2644.4,2672.5,2610.0,2657.1,2678.8,2687.8,68.8,30.7
3/042,SHEET_REF,4344.4,2672.5,4310.0,2657.1,4378.8,2687.8,68.8,30.7
(D03-024-01),OTHER,210.8,2675.5,129.0,2660.1,292.5,2690.8,163.5,30.7
(D03-030-01),OTHER,1270.8,2675.5,1189.0,2660.1,1352.5,2690.8,163.5,30.7
(D03-036-01),OTHER,2290.8,2675.5,2209.0,2660.1,2372.5,2690.8,163.5,30.7
(D03-042-01),OTHER,3990.8,2675.5,3909.0,2660.1,4072.5,2690.8,163.5,30.7
FLAG,PORT,881.5,2689.2,861.8,2669.4,901.3,2708.9,39.5,39.5
FLAG,PORT,1901.5,2689.2,1881.8,2669.4,1921.3,2708.9,39.5,39.5
FLAG,PORT,3261.5,2689.2,3241.8,2669.4,3281.3,2708.9,39.5,39.5
FLAG,PORT,4601.5,2689.2,4581.8,2669.4,4621.3,2708.9,39.5,39.5
NO,PORT,930.8,2692.8,922.4,2681.5,939.2,2704.0,16.7,22.5
NO,PORT,1950.8,2692.8,1942.4,2681.5,1959.2,2704.0,16.7,22.5
NO,PORT,3310.8,2692.8,3302.4,2681.5,3319.2,2704.0,16.7,22.5
NO,PORT,4650.8,2692.8,4642.4,2681.5,4659.2,2704.0,16.7,22.5
A,PORT,499.6,2745.7,483.0,2717.8,516.3,2773.6,33.3,55.8
A,PORT,1539.7,2745.7,1523.0,2717.8,1556.3,2773.6,33.3,55.8
A,PORT,2559.7,2745.7,2543.0,2717.8,2576.3,2773.6,33.3,55.8
A,PORT,4259.6,2745.7,4243.0,2717.8,4276.3,2773.6,33.3,55.8
OUT,PORT,559.8,2750.8,544.0,2742.4,575.6,2759.2,31.6,16.7
YES,PORT,869.0,2750.8,854.0,2742.4,884.0,2759.2,30.0,16.7
OUT,PORT,1599.8,2750.8,1584.0,2742.4,1615.6,2759.2,31.6,16.7
YES,PORT,1889.0,2750.8,1874.0,2742.4,1904.0,2759.2,30.0,16.7
OUT,PORT,2619.8,2750.8,2604.0,2742.4,2635.6,2759.2,31.6,16.7
YES,PORT,3249.0,2750.8,3234.0,2742.4,3264.0,2759.2,30.0,16.7
OUT,PORT,4319.8,2750.8,4304.0,2742.4,4335.6,2759.2,31.6,16.7
YES,PORT,4589.0,2750.8,4574.0,2742.4,4604.0,2759.2,30.0,16.7
T,BLOCK_TYPE,940.4,2754.0,929.0,2733.1,951.9,2774.9,22.9,41.9
T,BLOCK_TYPE,1960.4,2754.0,1949.0,2733.1,1971.9,2774.9,22.9,41.9
T,BLOCK_TYPE,3320.4,2754.0,3309.0,2733.1,3331.9,2774.9,22.9,41.9
T,BLOCK_TYPE,4660.4,2754.0,4649.0,2733.1,4671.9,2774.9,22.9,41.9
"Algorithm point			OCB0088012

Analog Value of Output			0",OTHER,505.0,2755.0,496.0,2746.0,514.0,2764.0,18.0,18.0
"Algorithm point			OCB008800F

Enable Transfer Slew Rate		OFF
No->Yes Track Ramp Rate (per sec)	2.5
Yes->No Track Ramp Rate (per sec)	2.5
Output Tracking Option			ON
Input YES Gain				1
Input YES Bias				0
Input NO Gain				1
Input NO Bias				0
Output Top of Scale			100
Output Bottom of Scale			0",OTHER,945.0,2755.0,936.0,2746.0,954.0,2764.0,18.0,18.0
"Algorithm point			OCB0088023

Analog Value of Output			0",OTHER,1545.0,2755.0,1536.0,2746.0,1554.0,2764.0,18.0,18.0
"Algorithm point			OCB0088021

Enable Transfer Slew Rate		OFF
No->Yes Track Ramp Rate (per sec)	2.5
Yes->No Track Ramp Rate (per sec)	2.5
Output Tracking Option			ON
Input YES Gain				1
Input YES Bias				0
Input NO Gain				1
Input NO Bias				0
Output Top of Scale			100
Output Bottom of Scale			0",OTHER,1965.0,2755.0,1956.0,2746.0,1974.0,2764.0,18.0,18.0
"Algorithm point			OCB0088036

Analog Value of Output			0",OTHER,2565.0,2755.0,2556.0,2746.0,2574.0,2764.0,18.0,18.0
"Algorithm point			OCB0088035

Enable Transfer Slew Rate		OFF
No->Yes Track Ramp Rate (per sec)	2.5
Yes->No Track Ramp Rate (per sec)	2.5
Output Tracking Option			ON
Input YES Gain				1
Input YES Bias				0
Input NO Gain				1
Input NO Bias				0
Output Top of Scale			100
Output Bottom of Scale			0",OTHER,3325.0,2755.0,3316.0,2746.0,3334.0,2764.0,18.0,18.0
"Algorithm point			OCB008804C

Analog Value of Output			0",OTHER,4265.0,2755.0,4256.0,2746.0,4274.0,2764.0,18.0,18.0
"Algorithm point			OCB008804A

Enable Transfer Slew Rate		OFF
No->Yes Track Ramp Rate (per sec)	2.5
Yes->No Track Ramp Rate (per sec)	2.5
Output Tracking Option			ON
Input YES Gain				1
Input YES Bias				0
Input NO Gain				1
Input NO Bias				0
Output Top of Scale			100
Output Bottom of Scale			0",OTHER,4665.0,2755.0,4656.0,2746.0,4674.0,2764.0,18.0,18.0
OCB0088012,OCB_BLOCK,625.7,2790.3,550.0,2776.4,701.4,2804.3,151.4,27.9
OCB0088023,OCB_BLOCK,1665.7,2790.3,1590.0,2776.4,1741.4,2804.3,151.4,27.9
OCB0088036,OCB_BLOCK,2685.7,2790.3,2610.0,2776.4,2761.4,2804.3,151.4,27.9
OCB008804C,OCB_BLOCK,4387.8,2790.3,4310.0,2776.4,4465.6,2804.3,155.6,27.9
OCB008800F,OCB_BLOCK,1026.4,2818.3,950.0,2804.4,1102.8,2832.3,152.8,27.9
OCB0088021,OCB_BLOCK,2045.7,2818.3,1970.0,2804.4,2121.4,2832.3,151.4,27.9
OCB0088035,OCB_BLOCK,3405.7,2818.3,3330.0,2804.4,3481.4,2832.3,151.4,27.9
OCB008804A,OCB_BLOCK,4747.1,2818.3,4670.0,2804.4,4824.2,2832.3,154.2,27.9
OUT,PORT,930.8,2824.2,922.4,2808.4,939.2,2840.0,16.7,31.6
OUT,PORT,1950.8,2824.2,1942.4,2808.4,1959.2,2840.0,16.7,31.6
OUT,PORT,3310.8,2824.2,3302.4,2808.4,3319.2,2840.0,16.7,31.6
OUT,PORT,4650.8,2824.2,4642.4,2808.4,4659.2,2840.0,16.7,31.6
IN1,SIGNAL,930.8,2932.3,922.4,2920.7,939.2,2944.0,16.7,23.3
IN1,SIGNAL,1950.8,2932.3,1942.4,2920.7,1959.2,2944.0,16.7,23.3
IN1,SIGNAL,3310.8,2932.3,3302.4,2920.7,3319.2,2944.0,16.7,23.3
IN1,SIGNAL,4650.8,2932.3,4642.4,2920.7,4659.2,2944.0,16.7,23.3
OCB0088013,OCB_BLOCK,1025.7,2940.3,950.0,2926.4,1101.4,2954.3,151.4,27.9
OCB0088022,OCB_BLOCK,2045.7,2940.3,1970.0,2926.4,2121.4,2954.3,151.4,27.9
OCB0088038,OCB_BLOCK,3405.7,2940.3,3330.0,2926.4,3481.4,2954.3,151.4,27.9
OCB008804D,OCB_BLOCK,4747.8,2940.3,4670.0,2926.4,4825.6,2954.3,155.6,27.9
Algorithm point			OCB0088013,OTHER,945.0,2980.0,936.0,2971.0,954.0,2989.0,18.0,18.0
Algorithm point			OCB0088022,OTHER,1965.0,2980.0,1956.0,2971.0,1974.0,2989.0,18.0,18.0
Algorithm point			OCB0088038,OTHER,3325.0,2980.0,3316.0,2971.0,3334.0,2989.0,18.0,18.0
Algorithm point			OCB008804D,OTHER,4665.0,2980.0,4656.0,2971.0,4674.0,2989.0,18.0,18.0
SIC2681B,SIGNAL,1936.9,3031.3,1880.0,3017.4,1993.9,3045.3,113.9,27.9
SIC2681A,SIGNAL,916.9,3051.3,860.0,3037.4,973.9,3065.3,113.9,27.9
SIC2681C,SIGNAL,3297.6,3051.3,3240.0,3037.4,3355.3,3065.3,115.3,27.9
SIC2681D,SIGNAL,4655.6,3051.3,4598.0,3037.4,4713.3,3065.3,115.3,27.9
Rev.,OTHER,5184.1,3096.2,5152.0,3078.7,5216.2,3113.6,64.2,34.9
EMERSON PROCESS MANAGEMENT,OTHER,2963.6,3103.2,2434.0,3069.7,3493.1,3136.7,1059.1,67.0
Project Title <Edit in FRAME.SVG>,OTHER,4149.2,3124.3,3660.0,3089.4,4638.3,3159.2,978.3,69.8
A,PORT,5270.0,3134.4,5255.0,3109.3,5285.0,3159.5,30.0,50.2
THIS DOCUMENT CONTAINS INFORMATION PROPRIETARY TO EMERSON PROCESS,OTHER,2918.6,3152.5,2360.0,3137.1,3477.2,3167.8,1117.2,30.7
Date,OTHER,5185.0,3176.2,5152.0,3158.7,5218.0,3193.6,66.0,34.9
"MANAGEMENT POWER & WATER SOLUTIONS, INC. IT IS SUBMITTED IN CONFIDENCE AND",OTHER,2959.8,3188.5,2360.0,3173.1,3559.5,3203.8,1199.5,30.7
CIRCURATION LINE(1),OTHER,3979.8,3203.2,3660.0,3169.7,4299.5,3236.7,639.5,67.0
01/27/2014,OTHER,5265.5,3221.3,5203.0,3207.4,5328.0,3235.3,125.0,27.9
"TRUST, IS TO BE USED BY YOU SOLELY FOR THE PURPOSES FOR WHICH IT IS",OTHER,2886.5,3224.5,2360.0,3209.1,3413.0,3239.8,1053.0,30.7
Drawing Number,OTHER,4656.2,3253.2,4539.0,3235.7,4773.4,3270.6,234.4,34.9
Drop,OTHER,4889.9,3253.2,4856.0,3235.7,4923.7,3270.6,67.7,34.9
Task,OTHER,5075.8,3253.2,5042.0,3235.7,5109.7,3270.6,67.7,34.9
Sheet,OTHER,5264.8,3253.2,5224.0,3235.7,5305.6,3270.6,81.6,34.9
FURNISHED AND IS TO BE RETURNED UPON REQUEST. THIS DOCUMENT AND ANY,OTHER,2915.6,3260.5,2360.0,3245.1,3471.2,3275.8,1111.2,30.7
"OTHER INFORMATION PROVIDED TO YOU IS NOT TO BE REPRODUCED, TRANSMITTED,",OTHER,2945.3,3296.5,2360.0,3281.1,3530.6,3311.8,1170.6,30.7
3,OTHER,4900.7,3323.2,4884.0,3289.7,4917.4,3356.7,33.4,67.0
CTL,OTHER,4678.5,3326.2,4649.0,3308.7,4708.0,3343.6,59.0,34.9
3,OTHER,4723.7,3326.2,4715.0,3308.7,4732.4,3343.6,17.4,34.9
5,OTHER,5067.7,3327.2,5051.0,3293.7,5084.4,3360.7,33.4,67.0
510,OTHER,5268.0,3327.2,5218.0,3293.7,5318.1,3360.7,100.1,67.0
"DISCLOSED, OR USED OTHERWISE IN WHOLE OR IN PART WITHOUT THE PRIOR",OTHER,2897.2,3332.5,2360.0,3317.1,3434.4,3347.8,1074.4,30.7
WRITTEN AUTHORIZATION OF EMERSON PROCESS MANAGEMENT POWER & WATER,OTHER,2930.0,3368.5,2360.0,3353.1,3500.0,3383.8,1140.0,30.7
"SOLUTIONS,INC.",OTHER,2470.7,3404.5,2360.0,3389.1,2581.3,3419.8,221.3,30.7
Engineer,OTHER,3715.5,3407.2,3653.0,3389.7,3778.0,3424.6,125.0,34.9
Approved,OTHER,4594.9,3408.2,4528.0,3390.7,4661.7,3425.6,133.7,34.9
